phi_rev,correlation in suitor/reviewer utility diff
0.2,-0.004061612413128967
0.4,-0.2870249896470135
0.6,-0.5339414711938983
0.8,-0.37629464823241093
1.0,-0.33970509085882866
