phi_rev,correlation in suitor/reviewer utility diff
0.0,nan
0.25,-0.09038094711949239
0.5,-0.5969247125025197
0.75,-0.49371271255754723
1.0,-0.2528388434176318
