phi_rev,correlation in suitor/reviewer utility diff
0.2,-0.23149193667687762
0.4,-0.42074489626641026
0.6,-0.19373575558577374
0.8,-0.03493123645938684
1.0,-0.14645618043397643
