phi_rev,correlation in suitor/reviewer utility diff
0.2,-0.23966294941738583
0.4,-0.2683891031856093
0.6,-0.188605689549473
0.8,-0.30081581324852324
1.0,-0.38586260994420163
