phi_rev,correlation in suitor/reviewer utility diff
0.2,-0.36601588633059245
0.4,-0.34316325448030055
0.6,-0.29982794642218696
0.8,-0.5739929996428257
1.0,-0.2873725205287853
