phi_rev,correlation in suitor/reviewer utility diff
0.0,nan
0.25,-0.13179783457216476
0.5,-0.4015925803601274
0.75,-0.4030920416303864
1.0,-0.16080104538524714
