phi_rev,correlation in suitor/reviewer utility diff
0.2,-0.3047977643228188
0.4,-0.21228953444167373
0.6,-0.05711935998242648
0.8,-0.29238755408762235
1.0,-0.46373429649454007
