phi_rev,correlation in suitor/reviewer utility diff
0.0,nan
0.25,-0.46196888126798646
0.5,-0.3931622402544482
0.75,-0.5679559071260859
1.0,-0.31744137534881406
